{
  "KernelRidge_loss": {
    "0.5_linear": 0.5537182313070248,
    "1.0_linear": 0.5550522404797563,
    "1.5_linear": 0.555854134441768,
    "0.5_polynomial": 2.218130849174939,
    "1.0_polynomial": 2.2125667442487216,
    "1.5_polynomial": 2.2106513162155896,
    "0.5_poly": 2.218130849174939,
    "1.0_poly": 2.2125667442487216,
    "1.5_poly": 2.2106513162155896,
    "0.5_rbf": 1.2751882992672054,
    "1.0_rbf": 1.3718629309984107,
    "1.5_rbf": 1.4514936846279627,
    "0.5_laplacian": 0.3284159986909306,
    "1.0_laplacian": 0.34076687117847354,
    "1.5_laplacian": 0.3524404068632315,
    "0.5_sigmoid": 1.4406620488231752,
    "1.0_sigmoid": 1.4406555685870388,
    "1.5_sigmoid": 1.4406490997832866,
    "0.5_cosine": 0.7293434505978036,
    "1.0_cosine": 0.7339337765235047,
    "1.5_cosine": 0.7315671345938972
  },
  "SVR_loss": {
    "0.5_linear": 1.1776612441913226,
    "1.0_linear": 3.2065197814942232,
    "1.5_linear": 9.913045643583864,
    "0.5_poly": 0.6995777742140155,
    "1.0_poly": 0.6678422032792553,
    "1.5_poly": 0.6530536329843983,
    "0.5_rbf": 0.7433953201424329,
    "1.0_rbf": 0.698050461495837,
    "1.5_rbf": 0.6799941826838289,
    "0.5_sigmoid": 0.9989174272365342,
    "1.0_sigmoid": 0.8771059302020587,
    "1.5_sigmoid": 0.828925128681188
  },
  "decision_tree": 1.325817376097826
}
