{
  "KernelRidge_loss": {
    "0.5_additive_chi2": 0.4836526759114525,
    "1.0_additive_chi2": 0.47655520531439444,
    "1.5_additive_chi2": 0.4765724688808025,
    "0.5_linear": 0.6291042226082538,
    "1.0_linear": 0.6303225408636843,
    "1.5_linear": 0.6310152469221587,
    "0.5_polynomial": 1.2245290122868888,
    "1.0_polynomial": 1.2720716263406795,
    "1.5_polynomial": 1.2797171887715846,
    "0.5_poly": 1.2245290122868888,
    "1.0_poly": 1.2720716263406795,
    "1.5_poly": 1.2797171887715846,
    "0.5_rbf": 1.2086249691914797,
    "1.0_rbf": 1.3010021565640544,
    "1.5_rbf": 1.3782924475679064,
    "0.5_laplacian": 0.3279884683925606,
    "1.0_laplacian": 0.33861551210810237,
    "1.5_laplacian": 0.3492761610944421,
    "0.5_sigmoid": 1.4406620488231752,
    "1.0_sigmoid": 1.4406555685870388,
    "1.5_sigmoid": 1.4406490997832866,
    "0.5_cosine": 0.7298197323764087,
    "1.0_cosine": 0.7342390164686615,
    "1.5_cosine": 0.7318091675355817
  },
  "SVR_loss": {
    "0.5_linear": 1.2636076096682423,
    "1.0_linear": 4.258990961517368,
    "1.5_linear": 8.672725499497886,
    "0.5_poly": 0.6998546853133407,
    "1.0_poly": 0.6687125898086917,
    "1.5_poly": 0.6539572092365113,
    "0.5_rbf": 0.7437630589954025,
    "1.0_rbf": 0.6986349199403397,
    "1.5_rbf": 0.6806048651662205,
    "0.5_sigmoid": 0.9988764927644495,
    "1.0_sigmoid": 0.8773555379444257,
    "1.5_sigmoid": 0.8290228134943123
  },
  "decision_tree": 1.3351569203586957
}
