{
  "KernelRidge_loss": {
    "0.5_linear": 0.9935351597541024,
    "1.0_linear": 0.9939180212891755,
    "1.5_linear": 0.9939496848205325,
    "0.5_polynomial": 254.72736495094628,
    "1.0_polynomial": 229.35899541804488,
    "1.5_polynomial": 227.8779093143615,
    "0.5_poly": 254.72736495094628,
    "1.0_poly": 229.35899541804488,
    "1.5_poly": 227.8779093143615,
    "0.5_rbf": 3.3574542293076335,
    "1.0_rbf": 3.452809523659197,
    "1.5_rbf": 3.5320327705610226,
    "0.5_laplacian": 0.8769795898046899,
    "1.0_laplacian": 1.1395260113880235,
    "1.5_laplacian": 1.3260815563391084,
    "0.5_sigmoid": 3.2909770752685352,
    "1.0_sigmoid": 3.2909831106500995,
    "1.5_sigmoid": 3.2909891557999256,
    "0.5_cosine": 1.4680078587221659,
    "1.0_cosine": 1.5224491123692265,
    "1.5_cosine": 1.56635068793451
  },
  "SVR_loss": {
    "0.5_linear": 2.2341095991388347,
    "1.0_linear": 5.603391610758629,
    "1.5_linear": 8.366094508793234,
    "0.5_poly": 1.6508708992648196,
    "1.0_poly": 1.561616365083441,
    "1.5_poly": 1.516139823984757,
    "0.5_rbf": 1.9303007440188393,
    "1.0_rbf": 1.805006189577923,
    "1.5_rbf": 1.7561457268374259,
    "0.5_sigmoid": 2.4283919186171588,
    "1.0_sigmoid": 2.163132967665275,
    "1.5_sigmoid": 2.0511387804964354
  },
  "decision_tree": 0.9111890159347826
}
